model,feature,attack_name,cost_tier,attacked_true_bots,baseline_detected_bots,skip_reason,flips_to_human,flip_rate,confidence_drop_mean,confidence_drop_median,confidence_drop_std,confidence_drop_non_flip_mean,mean_rank_stability
random_forest,has_description,has_description,cheap,640,620,,2,0.0032258064516129032,-0.014322782372339712,-1.1102230246251565e-16,0.026425268801599375,-0.014486692402625092,0.9856173913043479
random_forest,description_length,description_length,cheap,640,620,,2,0.0032258064516129032,-0.014322782372339712,-1.1102230246251565e-16,0.026425268801599375,-0.014486692402625087,0.9856173913043479
random_forest,screen_name_has_digits,screen_name_has_digits,cheap,640,620,,2,0.0032258064516129032,-0.0011143848267107376,0.0,0.007184944109997892,-0.0012101015154691718,0.9957478260869567
random_forest,default_profile_image,default_profile_image,cheap,640,620,,0,0.0,0.0009042030165260633,0.0,0.0049384951404228775,0.0009042030165260633,0.998991304347826
random_forest,default_profile,default_profile,cheap,640,620,,1,0.0016129032258064516,0.0008947596239433026,0.0,0.008867283145471734,0.0008643366297998046,0.9930782608695654
random_forest,has_extended_profile,has_extended_profile,cheap,640,620,,6,0.00967741935483871,0.032084908002040835,0.0235008406315384,0.037514410940057814,0.03169885625244193,0.9876086956521739
random_forest,followers_count,followers_count,expensive,640,620,,0,0.0,0.0008353820521688289,0.0,0.006874723308138429,0.0008353820521688289,0.9973913043478261
random_forest,friends_count,friends_count,expensive,640,620,,1,0.0016129032258064516,0.0016658868625288898,0.0,0.008676185475553766,0.001653223269869409,0.9969565217391305
