Model,Training Time (s),Interpretable,ACCURACY,PRECISION,RECALL,F1,ROC_AUC,MCC
logistic_regression,0.8342907428741455,True,0.7,0.8,0.6666666666666666,0.7272727272727273,0.7916666666666666,0.408248290463863
gradient_boosting,0.3406374454498291,False,0.6,0.6666666666666666,0.6666666666666666,0.6666666666666666,0.625,0.16666666666666666
random_forest,0.5274484157562256,False,0.5,0.5714285714285714,0.6666666666666666,0.6153846153846154,0.6041666666666666,-0.0890870806374748
decision_tree,0.006191730499267578,True,0.5,0.6,0.5,0.5454545454545454,0.5,0.0
svm,0.013533830642700195,False,0.3,0.0,0.0,0.0,0.5833333333333334,-0.408248290463863
