{
  "logistic_regression": {
    "training_time": 0.8342907428741455,
    "val_metrics": {
      "accuracy": 0.45,
      "precision": 0.4375,
      "recall": 0.7777777777777778,
      "f1": 0.56,
      "specificity": 0.18181818181818182,
      "false_positive_rate": 0.8181818181818182,
      "false_negative_rate": 0.2222222222222222,
      "balanced_accuracy": 0.4797979797979798,
      "mcc": -0.050251890762960605,
      "cohen_kappa": -0.03773584905660354,
      "roc_auc": 0.4444444444444445,
      "pr_auc": 0.5467274522099084,
      "log_loss": 0.8865826988302301,
      "true_positives": 7,
      "true_negatives": 2,
      "false_positives": 9,
      "false_negatives": 2
    },
    "test_metrics": {
      "accuracy": 0.7,
      "precision": 0.8,
      "recall": 0.6666666666666666,
      "f1": 0.7272727272727273,
      "specificity": 0.75,
      "false_positive_rate": 0.25,
      "false_negative_rate": 0.3333333333333333,
      "balanced_accuracy": 0.7083333333333333,
      "mcc": 0.408248290463863,
      "cohen_kappa": 0.4,
      "roc_auc": 0.7916666666666666,
      "pr_auc": 0.9055555555555554,
      "log_loss": 0.7527110602534479,
      "true_positives": 4,
      "true_negatives": 3,
      "false_positives": 1,
      "false_negatives": 2
    },
    "is_interpretable": true
  },
  "svm": {
    "training_time": 0.013533830642700195,
    "val_metrics": {
      "accuracy": 0.6,
      "precision": 1.0,
      "recall": 0.1111111111111111,
      "f1": 0.2,
      "specificity": 1.0,
      "false_positive_rate": 0.0,
      "false_negative_rate": 0.8888888888888888,
      "balanced_accuracy": 0.5555555555555556,
      "mcc": 0.25362863675089403,
      "cohen_kappa": 0.120879120879121,
      "roc_auc": 0.3939393939393939,
      "pr_auc": 0.4852315975122993,
      "log_loss": 0.914445161287666,
      "true_positives": 1,
      "true_negatives": 11,
      "false_positives": 0,
      "false_negatives": 8
    },
    "test_metrics": {
      "accuracy": 0.3,
      "precision": 0.0,
      "recall": 0.0,
      "f1": 0.0,
      "specificity": 0.75,
      "false_positive_rate": 0.25,
      "false_negative_rate": 1.0,
      "balanced_accuracy": 0.375,
      "mcc": -0.408248290463863,
      "cohen_kappa": -0.20689655172413768,
      "roc_auc": 0.5833333333333334,
      "pr_auc": 0.719047619047619,
      "log_loss": 0.6658391804729422,
      "true_positives": 0,
      "true_negatives": 3,
      "false_positives": 1,
      "false_negatives": 6
    },
    "is_interpretable": false
  },
  "decision_tree": {
    "training_time": 0.006191730499267578,
    "val_metrics": {
      "accuracy": 0.4,
      "precision": 0.4117647058823529,
      "recall": 0.7777777777777778,
      "f1": 0.5384615384615384,
      "specificity": 0.09090909090909091,
      "false_positive_rate": 0.9090909090909091,
      "false_negative_rate": 0.2222222222222222,
      "balanced_accuracy": 0.43434343434343436,
      "mcc": -0.1829534767323246,
      "cohen_kappa": -0.12149532710280386,
      "roc_auc": 0.43434343434343436,
      "pr_auc": 0.4202614379084967,
      "log_loss": 21.626192033470293,
      "true_positives": 7,
      "true_negatives": 1,
      "false_positives": 10,
      "false_negatives": 2
    },
    "test_metrics": {
      "accuracy": 0.5,
      "precision": 0.6,
      "recall": 0.5,
      "f1": 0.5454545454545454,
      "specificity": 0.5,
      "false_positive_rate": 0.5,
      "false_negative_rate": 0.5,
      "balanced_accuracy": 0.5,
      "mcc": 0.0,
      "cohen_kappa": 0.0,
      "roc_auc": 0.5,
      "pr_auc": 0.6,
      "log_loss": 18.021826694558577,
      "true_positives": 3,
      "true_negatives": 2,
      "false_positives": 2,
      "false_negatives": 3
    },
    "is_interpretable": true
  },
  "random_forest": {
    "training_time": 0.5274484157562256,
    "val_metrics": {
      "accuracy": 0.45,
      "precision": 0.4444444444444444,
      "recall": 0.8888888888888888,
      "f1": 0.5925925925925926,
      "specificity": 0.09090909090909091,
      "false_positive_rate": 0.9090909090909091,
      "false_negative_rate": 0.1111111111111111,
      "balanced_accuracy": 0.4898989898989899,
      "mcc": -0.0335012605086404,
      "cohen_kappa": -0.01851851851851838,
      "roc_auc": 0.5151515151515151,
      "pr_auc": 0.5503641964426278,
      "log_loss": 0.9748735637836127,
      "true_positives": 8,
      "true_negatives": 1,
      "false_positives": 10,
      "false_negatives": 1
    },
    "test_metrics": {
      "accuracy": 0.5,
      "precision": 0.5714285714285714,
      "recall": 0.6666666666666666,
      "f1": 0.6153846153846154,
      "specificity": 0.25,
      "false_positive_rate": 0.75,
      "false_negative_rate": 0.3333333333333333,
      "balanced_accuracy": 0.4583333333333333,
      "mcc": -0.0890870806374748,
      "cohen_kappa": -0.0869565217391306,
      "roc_auc": 0.6041666666666666,
      "pr_auc": 0.8037037037037037,
      "log_loss": 0.6903356868104236,
      "true_positives": 4,
      "true_negatives": 1,
      "false_positives": 3,
      "false_negatives": 2
    },
    "is_interpretable": false
  },
  "gradient_boosting": {
    "training_time": 0.3406374454498291,
    "val_metrics": {
      "accuracy": 0.5,
      "precision": 0.47058823529411764,
      "recall": 0.8888888888888888,
      "f1": 0.6153846153846154,
      "specificity": 0.18181818181818182,
      "false_positive_rate": 0.8181818181818182,
      "false_negative_rate": 0.1111111111111111,
      "balanced_accuracy": 0.5353535353535354,
      "mcc": 0.09851341054817479,
      "cohen_kappa": 0.06542056074766345,
      "roc_auc": 0.595959595959596,
      "pr_auc": 0.6065055315055314,
      "log_loss": 2.6702076725281247,
      "true_positives": 8,
      "true_negatives": 2,
      "false_positives": 9,
      "false_negatives": 1
    },
    "test_metrics": {
      "accuracy": 0.6,
      "precision": 0.6666666666666666,
      "recall": 0.6666666666666666,
      "f1": 0.6666666666666666,
      "specificity": 0.5,
      "false_positive_rate": 0.5,
      "false_negative_rate": 0.3333333333333333,
      "balanced_accuracy": 0.5833333333333333,
      "mcc": 0.16666666666666666,
      "cohen_kappa": 0.16666666666666663,
      "roc_auc": 0.625,
      "pr_auc": 0.7847222222222221,
      "log_loss": 1.8329502020369517,
      "true_positives": 4,
      "true_negatives": 2,
      "false_positives": 2,
      "false_negatives": 2
    },
    "is_interpretable": false
  }
}