model,feature,importance_norm,stability,flip_rate,frs
random_forest,has_description,0.02410661087874009,0.9660869565217393,0.0032258064516129032,0.02321395626384459
random_forest,description_length,0.859497211925693,0.9156521739130434,0.0032258064516129032,0.784461779312051
random_forest,screen_name_has_digits,0.0759852736492266,0.9521739130434783,0.0032258064516129032,0.07211780439154016
random_forest,default_profile_image,0.04064215965183525,0.986086956521739,0.0,0.04007670351754884
random_forest,default_profile,0.059353410819617,0.9321739130434783,0.0016129032258064516,0.05523846298843144
random_forest,has_extended_profile,0.6853689393643193,0.9373913043478261,0.00967741935483871,0.6362415399912035
random_forest,followers_count,1.0,0.988695652173913,0.0,0.988695652173913
random_forest,friends_count,0.5653075806844924,0.9773913043478261,0.0016129032258064516,0.5516355415241511
