Model,Training Time (s),Interpretable,ACCURACY,PRECISION,RECALL,F1,ROC_AUC,MCC
random_forest,0.8711588382720947,False,0.8165680473372781,0.758873929008568,0.96875,0.851063829787234,0.866542932780847,0.653244329630168
