model,profile,attacked_true_bots,baseline_detected_bots,skip_reason,flips_to_human,flip_rate,confidence_drop_mean,confidence_drop_median,confidence_drop_std,confidence_drop_non_flip_mean,mean_rank_stability
random_forest,cheap_only,640,620,,7,0.01129032258064516,0.020899635043964155,0.016821890612980006,0.04736627634142459,0.0204785816241233,0.9648521739130435
random_forest,realistic_mixed,640,620,,6,0.00967741935483871,0.023696633099148896,0.018872382867339166,0.048604237172925176,0.02345679353569685,0.9626956521739128
