model,feature,attack_name,cost_tier,attacked_true_bots,baseline_detected_bots,skip_reason,flips_to_human,flip_rate,confidence_drop_mean,confidence_drop_median,confidence_drop_std,confidence_drop_non_flip_mean,mean_rank_stability
random_forest,has_description,has_description,cheap,640,620,,2,0.0032258064516129032,-0.014322782372339712,-1.1102230246251565e-16,0.026425268801599372,-0.014486692402625092,0.9856173913043479
random_forest,description_length,description_length,cheap,640,620,,2,0.0032258064516129032,-0.014322782372339712,-1.1102230246251565e-16,0.026425268801599372,-0.014486692402625092,0.9856173913043479
random_forest,screen_name_has_digits,screen_name_has_digits,cheap,640,620,,2,0.0032258064516129032,-0.001114384826710738,0.0,0.007184944109997895,-0.0012101015154691722,0.9957478260869567
random_forest,default_profile_image,default_profile_image,cheap,640,620,,0,0.0,0.0009042030165260606,0.0,0.004938495140422878,0.0009042030165260606,0.998991304347826
random_forest,default_profile,default_profile,cheap,640,620,,1,0.0016129032258064516,0.0008947596239432933,0.0,0.008867283145471729,0.0008643366297997953,0.9930782608695654
random_forest,has_extended_profile,has_extended_profile,cheap,640,620,,6,0.00967741935483871,0.03208490800204082,0.023500840631538178,0.03751441094005782,0.03169885625244192,0.9876086956521739
random_forest,followers_count,followers_count,expensive,640,620,,0,0.0,0.0008353820521688246,0.0,0.006874723308138429,0.0008353820521688246,0.9973913043478261
random_forest,friends_count,friends_count,expensive,640,620,,1,0.0016129032258064516,0.0016658868625288935,0.0,0.008676185475553776,0.0016532232698694125,0.9969565217391305
