Model,Training Time (s),Interpretable,ACCURACY,PRECISION,RECALL,F1,ROC_AUC,MCC
logistic_regression,0.6545600891113281,True,0.7,0.8,0.6666666666666666,0.7272727272727273,0.7916666666666666,0.408248290463863
gradient_boosting,0.2742745876312256,False,0.6,0.6666666666666666,0.6666666666666666,0.6666666666666666,0.625,0.16666666666666666
random_forest,0.4040813446044922,False,0.5,0.5714285714285714,0.6666666666666666,0.6153846153846154,0.6041666666666666,-0.0890870806374748
decision_tree,0.00593256950378418,True,0.5,0.6,0.5,0.5454545454545454,0.5,0.0
svm,0.010834217071533203,False,0.3,0.0,0.0,0.0,0.5833333333333334,-0.408248290463863
